positive_positive_edges,positive_with_positive_neighbor,isolated_positive_count,positive_component_count,positive_cluster_component_count,largest_positive_component,largest_positive_component_ratio,positive_neighbor_ratio,sample_size,positive_count,positive_rate,contact_edges,contact_types,age_groups,seed,sample_index,path,attempts_used,sampling_conditions_met,target_age_groups,workplace_contact_types,max_positive_rate_condition,min_positive_count_condition,nonoverlap_person_count_so_far
190,117,0,3,3,71,0.6068376068376068,1.0,3000,117,0.039,249,1,2;3;4;5,1,1,openabm_sample_outputs/seed_1/samples/company_n3000_sample01_maxpos5pct_work,1,True,2;3;4;5,1,0.05,30,3000
194,119,0,3,3,65,0.5462184873949579,1.0,3000,119,0.0396666666666666,243,1,2;3;4;5,1,2,openabm_sample_outputs/seed_1/samples/company_n3000_sample02_maxpos5pct_work,1,True,2;3;4;5,1,0.05,30,6000
84,56,0,3,3,24,0.42857142857142855,1.0,3000,56,0.018666666666666668,137,1,2;3;4;5,1,3,openabm_sample_outputs/seed_1/samples/company_n3000_sample03_maxpos5pct_work,1,True,2;3;4;5,1,0.05,30,9000
109,80,0,4,4,22,0.275,1.0,3000,80,0.02666666666666667,167,1,2;3;4;5,1,4,openabm_sample_outputs/seed_1/samples/company_n3000_sample04_maxpos5pct_work,1,True,2;3;4;5,1,0.05,30,12000
120,82,0,5,5,20,0.24390243902439024,1.0,3000,82,0.027333333333333334,170,1,2;3;4;5,1,5,openabm_sample_outputs/seed_1/samples/company_n3000_sample05_maxpos5pct_work,1,True,2;3;4;5,1,0.05,30,15000
87,78,0,6,6,16,0.20512820512820512,1.0,3000,78,0.026,125,1,2;3;4;5,1,6,openabm_sample_outputs/seed_1/samples/company_n3000_sample06_maxpos5pct_work,1,True,2;3;4;5,1,0.05,30,18000
132,108,0,8,8,14,0.12962962962962962,1.0,3000,108,0.036,171,1,2;3;4;5,1,7,openabm_sample_outputs/seed_1/samples/company_n3000_sample07_maxpos5pct_work,1,True,2;3;4;5,1,0.05,30,21000
75,51,0,4,4,13,0.2549019607843137,1.0,3000,51,0.017,129,1,2;3;4;5,1,8,openabm_sample_outputs/seed_1/samples/company_n3000_sample08_maxpos5pct_work,1,True,2;3;4;5,1,0.05,30,24000
84,63,0,6,6,12,0.19047619047619047,1.0,3000,63,0.021,130,1,2;3;4;5,1,9,openabm_sample_outputs/seed_1/samples/company_n3000_sample09_maxpos5pct_work,1,True,2;3;4;5,1,0.05,30,27000
104,82,0,8,8,12,0.14634146341463414,1.0,3000,82,0.027333333333333334,158,1,2;3;4;5,1,10,openabm_sample_outputs/seed_1/samples/company_n3000_sample10_maxpos5pct_work,1,True,2;3;4;5,1,0.05,30,30000
137,107,0,11,11,11,0.102803738317757,1.0,3000,107,0.035666666666666666,182,1,2;3;4;5,1,11,openabm_sample_outputs/seed_1/samples/company_n3000_sample11_maxpos5pct_work,1,True,2;3;4;5,1,0.05,30,33000
97,72,0,8,8,10,0.1388888888888889,1.0,3000,72,0.024,152,1,2;3;4;5,1,12,openabm_sample_outputs/seed_1/samples/company_n3000_sample12_maxpos5pct_work,1,True,2;3;4;5,1,0.05,30,36000
79,70,0,8,8,9,0.12857142857142856,1.0,3000,70,0.023333333333333334,137,1,2;3;4;5,1,13,openabm_sample_outputs/seed_1/samples/company_n3000_sample13_maxpos5pct_work,1,True,2;3;4;5,1,0.05,30,39000
139,104,0,12,12,9,0.08653846153846154,1.0,3000,104,0.034666666666666665,181,1,2;3;4;5,1,14,openabm_sample_outputs/seed_1/samples/company_n3000_sample14_maxpos5pct_work,1,True,2;3;4;5,1,0.05,30,42000
122,95,0,12,12,8,0.08421052631578947,1.0,3000,95,0.03166666666666667,161,1,2;3;4;5,1,15,openabm_sample_outputs/seed_1/samples/company_n3000_sample15_maxpos5pct_work,1,True,2;3;4;5,1,0.05,30,45000
65,56,0,7,7,8,0.14285714285714285,1.0,3000,56,0.018666666666666668,108,1,2;3;4;5,1,16,openabm_sample_outputs/seed_1/samples/company_n3000_sample16_maxpos5pct_work,1,True,2;3;4;5,1,0.05,30,48000
88,69,0,10,10,8,0.11594202898550725,1.0,3000,69,0.023,130,1,2;3;4;5,1,17,openabm_sample_outputs/seed_1/samples/company_n3000_sample17_maxpos5pct_work,1,True,2;3;4;5,1,0.05,30,51000
97,84,0,12,12,7,0.08333333333333333,1.0,3000,84,0.028,134,1,2;3;4;5,1,18,openabm_sample_outputs/seed_1/samples/company_n3000_sample18_maxpos5pct_work,1,True,2;3;4;5,1,0.05,30,54000
84,77,0,11,11,7,0.09090909090909091,1.0,3000,77,0.025666666666666667,133,1,2;3;4;5,1,19,openabm_sample_outputs/seed_1/samples/company_n3000_sample19_maxpos5pct_work,1,True,2;3;4;5,1,0.05,30,57000
71,66,0,11,11,6,0.09090909090909091,1.0,3000,66,0.022,134,1,2;3;4;5,1,20,openabm_sample_outputs/seed_1/samples/company_n3000_sample20_maxpos5pct_work,1,True,2;3;4;5,1,0.05,30,60000
56,59,0,10,10,6,0.1016949152542373,1.0,3000,59,0.019666666666666666,101,1,2;3;4;5,1,21,openabm_sample_outputs/seed_1/samples/company_n3000_sample21_maxpos5pct_work,1,True,2;3;4;5,1,0.05,30,63000
119,111,0,19,19,6,0.05405405405405406,1.0,3000,111,0.037,156,1,2;3;4;5,1,22,openabm_sample_outputs/seed_1/samples/company_n3000_sample22_maxpos5pct_work,1,True,2;3;4;5,1,0.05,30,66000
106,106,0,20,20,6,0.05660377358490566,1.0,3000,106,0.035333333333333335,154,1,2;3;4;5,1,23,openabm_sample_outputs/seed_1/samples/company_n3000_sample23_maxpos5pct_work,1,True,2;3;4;5,1,0.05,30,69000
86,94,0,19,19,5,0.05319148936170213,1.0,3000,94,0.03133333333333333,136,1,2;3;4;5,1,24,openabm_sample_outputs/seed_1/samples/company_n3000_sample24_maxpos5pct_work,1,True,2;3;4;5,1,0.05,30,72000
71,85,0,17,17,5,0.058823529411764705,1.0,3000,85,0.028333333333333332,116,1,2;3;4;5,1,25,openabm_sample_outputs/seed_1/samples/company_n3000_sample25_maxpos5pct_work,1,True,2;3;4;5,1,0.05,30,75000
100,115,0,28,28,5,0.043478260869565216,1.0,3000,115,0.03833333333333333,148,1,2;3;4;5,1,26,openabm_sample_outputs/seed_1/samples/company_n3000_sample26_maxpos5pct_work,1,True,2;3;4;5,1,0.05,30,78000
77,90,0,23,23,4,0.044444444444444446,1.0,3000,90,0.03,114,1,2;3;4;5,1,27,openabm_sample_outputs/seed_1/samples/company_n3000_sample27_maxpos5pct_work,1,True,2;3;4;5,1,0.05,30,81000
64,78,0,20,20,4,0.05128205128205128,1.0,3000,78,0.026,120,1,2;3;4;5,1,28,openabm_sample_outputs/seed_1/samples/company_n3000_sample28_maxpos5pct_work,1,True,2;3;4;5,1,0.05,30,84000
64,84,0,21,21,4,0.047619047619047616,1.0,3000,84,0.028,110,1,2;3;4;5,1,29,openabm_sample_outputs/seed_1/samples/company_n3000_sample29_maxpos5pct_work,1,True,2;3;4;5,1,0.05,30,87000
50,68,0,22,22,4,0.058823529411764705,1.0,3000,68,0.02266666666666667,92,1,2;3;4;5,1,30,openabm_sample_outputs/seed_1/samples/company_n3000_sample30_maxpos5pct_work,1,True,2;3;4;5,1,0.05,30,90000
60,84,0,28,28,3,0.03571428571428571,1.0,3000,84,0.028,120,1,2;3;4;5,1,31,openabm_sample_outputs/seed_1/samples/company_n3000_sample31_maxpos5pct_work,1,True,2;3;4;5,1,0.05,30,93000
61,86,0,29,29,3,0.03488372093023256,1.0,3000,86,0.028666666666666667,123,1,2;3;4;5,1,32,openabm_sample_outputs/seed_1/samples/company_n3000_sample32_maxpos5pct_work,1,True,2;3;4;5,1,0.05,30,96000
42,60,0,20,20,3,0.05,1.0,3000,60,0.02,89,1,2;3;4;5,1,33,openabm_sample_outputs/seed_1/samples/company_n3000_sample33_maxpos5pct_work,1,True,2;3;4;5,1,0.05,30,99000
51,69,0,23,23,3,0.043478260869565216,1.0,3000,69,0.023,90,1,2;3;4;5,1,34,openabm_sample_outputs/seed_1/samples/company_n3000_sample34_maxpos5pct_work,1,True,2;3;4;5,1,0.05,30,102000
44,60,0,20,20,3,0.05,1.0,3000,60,0.02,99,1,2;3;4;5,1,35,openabm_sample_outputs/seed_1/samples/company_n3000_sample35_maxpos5pct_work,1,True,2;3;4;5,1,0.05,30,105000
64,89,0,30,30,3,0.033707865168539325,1.0,3000,89,0.029666666666666668,115,1,2;3;4;5,1,36,openabm_sample_outputs/seed_1/samples/company_n3000_sample36_maxpos5pct_work,1,True,2;3;4;5,1,0.05,30,108000
52,95,0,45,45,3,0.031578947368421054,1.0,3000,95,0.03166666666666667,101,1,2;3;4;5,1,37,openabm_sample_outputs/seed_1/samples/company_n3000_sample37_maxpos5pct_work,1,True,2;3;4;5,1,0.05,30,111000
57,114,0,57,57,2,0.017543859649122806,1.0,3000,114,0.038,101,1,2;3;4;5,1,38,openabm_sample_outputs/seed_1/samples/company_n3000_sample38_maxpos5pct_work,1,True,2;3;4;5,1,0.05,30,114000
37,74,0,37,37,2,0.02702702702702703,1.0,3000,74,0.024666666666666667,85,1,2;3;4;5,1,39,openabm_sample_outputs/seed_1/samples/company_n3000_sample39_maxpos5pct_work,1,True,2;3;4;5,1,0.05,30,117000
52,104,0,52,52,2,0.019230769230769232,1.0,3000,104,0.034666666666666665,103,1,2;3;4;5,1,40,openabm_sample_outputs/seed_1/samples/company_n3000_sample40_maxpos5pct_work,1,True,2;3;4;5,1,0.05,30,120000
41,82,0,41,41,2,0.024390243902439025,1.0,3000,82,0.027333333333333334,91,1,2;3;4;5,1,41,openabm_sample_outputs/seed_1/samples/company_n3000_sample41_maxpos5pct_work,1,True,2;3;4;5,1,0.05,30,123000
52,104,0,52,52,2,0.019230769230769232,1.0,3000,104,0.034666666666666665,102,1,2;3;4;5,1,42,openabm_sample_outputs/seed_1/samples/company_n3000_sample42_maxpos5pct_work,1,True,2;3;4;5,1,0.05,30,126000
29,58,0,29,29,2,0.034482758620689655,1.0,3000,58,0.019333333333333334,84,1,2;3;4;5,1,43,openabm_sample_outputs/seed_1/samples/company_n3000_sample43_maxpos5pct_work,1,True,2;3;4;5,1,0.05,30,129000
36,72,0,36,36,2,0.027777777777777776,1.0,3000,72,0.024,92,1,2;3;4;5,1,44,openabm_sample_outputs/seed_1/samples/company_n3000_sample44_maxpos5pct_work,1,True,2;3;4;5,1,0.05,30,132000
47,94,0,47,47,2,0.02127659574468085,1.0,3000,94,0.03133333333333333,107,1,2;3;4;5,1,45,openabm_sample_outputs/seed_1/samples/company_n3000_sample45_maxpos5pct_work,1,True,2;3;4;5,1,0.05,30,135000
33,66,0,33,33,2,0.030303030303030304,1.0,3000,66,0.022,83,1,2;3;4;5,1,46,openabm_sample_outputs/seed_1/samples/company_n3000_sample46_maxpos5pct_work,1,True,2;3;4;5,1,0.05,30,138000
32,64,0,32,32,2,0.03125,1.0,3000,64,0.021333333333333333,92,1,2;3;4;5,1,47,openabm_sample_outputs/seed_1/samples/company_n3000_sample47_maxpos5pct_work,1,True,2;3;4;5,1,0.05,30,141000
30,60,0,30,30,2,0.03333333333333333,1.0,3000,60,0.02,78,1,2;3;4;5,1,48,openabm_sample_outputs/seed_1/samples/company_n3000_sample48_maxpos5pct_work,1,True,2;3;4;5,1,0.05,30,144000
30,60,0,30,30,2,0.03333333333333333,1.0,3000,60,0.02,76,1,2;3;4;5,1,49,openabm_sample_outputs/seed_1/samples/company_n3000_sample49_maxpos5pct_work,1,True,2;3;4;5,1,0.05,30,147000
45,90,0,45,45,2,0.022222222222222223,1.0,3000,90,0.03,95,1,2;3;4;5,1,50,openabm_sample_outputs/seed_1/samples/company_n3000_sample50_maxpos5pct_work,1,True,2;3;4;5,1,0.05,30,150000
